[
  {
    "map": "Avalanche Incline",
    "guilds": [
      {
        "name": "blacklist bandits"
      },
      {
        "name": "maga"
      },
      {
        "name": "mighty frogs"
      }
    ],
    "lastEdited": ""
  },
  {
    "map": "Avalanche Ravine",
    "guilds": [
      {
        "name": "mandatory"
      },
      {
        "name": "snapp"
      }
    ],
    "lastEdited": "20-10-2025, 2:16:16 p. m."
  },
  {
    "map": "Battlebrae Flatland",
    "guilds": [
      {
        "name": "free beer"
      },
      {
        "name": "lotion"
      },
      {
        "name": "buster call"
      },
      {
        "name": "polar"
      }
    ],
    "lastEdited": "21-10-2025, 8:18:53 p. m."
  },
  {
    "map": "Battlebrae Grassland",
    "guilds": [
      {
        "name": "legendarios"
      }
    ],
    "lastEdited": ""
  },
  {
    "map": "Battlebrae Lake",
    "guilds": [
      {
        "name": "cassiopea"
      },
      {
        "name": "epic hobos"
      }
    ],
    "lastEdited": ""
  },
  {
    "map": "Battlebrae Meadow",
    "guilds": [
      {
        "name": "spet5naz"
      },
      {
        "name": "destroyers"
      }
    ],
    "lastEdited": "21-10-2025, 8:20:01 p. m."
  },
  {
    "map": "Battlebrae Peaks",
    "guilds": [
      {
        "name": "pay for it"
      },
      {
        "name": "platinumempire"
      },
      {
        "name": "falso positivo"
      }
    ],
    "lastEdited": "25-10-2025, 10:27:01 p. m."
  },
  {
    "map": "Battlebrae Plain",
    "guilds": [
      {
        "name": "ephemerals"
      },
      {
        "name": "the bacons"
      },
      {
        "name": "is my static"
      },
      {
        "name": "cuys in the clap"
      },
      {
        "name": "contingent"
      }
    ],
    "lastEdited": "21-10-2025, 8:21:33 p. m."
  },
  {
    "map": "Bleachskull Desert",
    "guilds": [
      {
        "name": "the baspar"
      },
      {
        "name": "it s show time"
      },
      {
        "name": "keybump"
      }
    ],
    "lastEdited": ""
  },
  {
    "map": "Bleachskull Steppe",
    "guilds": [
      {
        "name": "exilium claw"
      },
      {
        "name": "primergolpe"
      },
      {
        "name": "the kingdom of guardians"
      },
      {
        "name": "arkadia world"
      }
    ],
    "lastEdited": ""
  },
  {
    "map": "Braemore Lowland",
    "guilds": [
      {
        "name": "blackcloud"
      },
      {
        "name": "gods son of dragons"
      },
      {
        "name": "obligatory"
      },
      {
        "name": "safezone"
      }
    ],
    "lastEdited": ""
  },
  {
    "map": "Braemore Upland",
    "guilds": [
      {
        "name": "club space"
      },
      {
        "name": "conflictivos"
      },
      {
        "name": "spade kingdom"
      }
    ],
    "lastEdited": "21-10-2025, 8:24:27 p. m."
  },
  {
    "map": "Brambleshore Hinterlands",
    "guilds": [
      {
        "name": "quinta ordem"
      },
      {
        "name": "furia nocturna"
      },
      {
        "name": "furia nocturna 2"
      },
      {
        "name": "interbank"
      }
    ],
    "lastEdited": ""
  },
  {
    "map": "Darkbough Snag",
    "guilds": [
      {
        "name": "interdits"
      }
    ],
    "lastEdited": ""
  },
  {
    "map": "Deadpine Forest",
    "guilds": [
      {
        "name": "tlm"
      }
    ],
    "lastEdited": ""
  },
  {
    "map": "Deathwisp Bog",
    "guilds": [
      {
        "name": "maga"
      },
      {
        "name": "violent souls"
      }
    ],
    "lastEdited": ""
  },
  {
    "map": "Deathwisp Sink",
    "guilds": [
      {
        "name": "nothing"
      },
      {
        "name": "true gentleman"
      },
      {
        "name": "king surf"
      },
      {
        "name": "something"
      }
    ],
    "lastEdited": ""
  },
  {
    "map": "Deepwood Copse",
    "guilds": [
      {
        "name": "k4fn"
      },
      {
        "name": "deceit"
      },
      {
        "name": "myrmidons"
      },
      {
        "name": "gankers letales"
      }
    ],
    "lastEdited": "21-10-2025, 8:29:27 p. m."
  },
  {
    "map": "Deepwood Dell",
    "guilds": [
      {
        "name": "grifinoria"
      },
      {
        "name": "iflame"
      },
      {
        "name": "martelo forte"
      },
      {
        "name": "4lf4"
      }
    ],
    "lastEdited": "21-10-2025, 8:31:23 p. m."
  },
  {
    "map": "Deepwood Gorge",
    "guilds": [
      {
        "name": "niebia"
      },
      {
        "name": "vikingoz"
      },
      {
        "name": "kr seed"
      },
      {
        "name": "monkeychapoyt"
      },
      {
        "name": "zoros"
      }
    ],
    "lastEdited": ""
  },
  {
    "map": "Deepwood Pines",
    "guilds": [
      {
        "name": "primata mod"
      },
      {
        "name": "darkness inc"
      },
      {
        "name": "los chasquis"
      }
    ],
    "lastEdited": ""
  },
  {
    "map": "Driftwood Glen",
    "guilds": [
      {
        "name": "mandatory"
      },
      {
        "name": "keepers of the quagmire"
      },
      {
        "name": "hati"
      }
    ],
    "lastEdited": ""
  },
  {
    "map": "Driftwood Hollow",
    "guilds": [
      {
        "name": "nothing"
      }
    ],
    "lastEdited": ""
  },
  {
    "map": "Driftwood Vale",
    "guilds": [
      {
        "name": "usil"
      },
      {
        "name": "mandatory"
      },
      {
        "name": "maga"
      },
      {
        "name": "osdothraki"
      }
    ],
    "lastEdited": "21-10-2025, 8:34:01 p. m."
  },
  {
    "map": "Dryvein Confluence",
    "guilds": [
      {
        "name": "the jokers"
      }
    ],
    "lastEdited": ""
  },
  {
    "map": "Dryvein Cross",
    "guilds": [
      {
        "name": "the archimagos"
      },
      {
        "name": "blades of avalon"
      },
      {
        "name": "krozakov"
      }
    ],
    "lastEdited": ""
  },
  {
    "map": "Dryvein End",
    "guilds": [
      {
        "name": "rehab"
      },
      {
        "name": "death punch"
      },
      {
        "name": "legendarios"
      },
      {
        "name": "iberian"
      },
      {
        "name": "radiant"
      }
    ],
    "lastEdited": "21-10-2025, 8:47:50 p. m."
  },
  {
    "map": "Dryvein Oasis",
    "guilds": [
      {
        "name": "brigada balrog"
      },
      {
        "name": "hidra reborn"
      },
      {
        "name": "la guardia del joker"
      }
    ],
    "lastEdited": ""
  },
  {
    "map": "Dryvein Plain",
    "guilds": [
      {
        "name": "loyalty matters"
      },
      {
        "name": "redness crusaders"
      },
      {
        "name": "culto del kraken"
      },
      {
        "name": "legion of shadowss"
      }
    ],
    "lastEdited": ""
  },
  {
    "map": "Dryvein Riverbed",
    "guilds": [
      {
        "name": "4fun in black"
      },
      {
        "name": "nightfall army"
      }
    ],
    "lastEdited": "21-10-2025, 8:49:21 p. m."
  },
  {
    "map": "Dryvein Steppe",
    "guilds": [
      {
        "name": "retired"
      },
      {
        "name": "gankers letales"
      },
      {
        "name": "zukaritas"
      },
      {
        "name": "outlimits"
      }
    ],
    "lastEdited": "21-10-2025, 8:49:57 p. m."
  },
  {
    "map": "Everwinter Expanse",
    "guilds": [
      {
        "name": "death punch"
      },
      {
        "name": "delincuentes"
      }
    ],
    "lastEdited": ""
  },
  {
    "map": "Everwinter Incline",
    "guilds": [
      {
        "name": "olympus"
      },
      {
        "name": "retired"
      },
      {
        "name": "4pm"
      },
      {
        "name": "thehope"
      },
      {
        "name": "valhalla kingdom"
      },
      {
        "name": "please no hit me"
      },
      {
        "name": "contingent"
      },
      {
        "name": "opression"
      },
      {
        "name": "et alia"
      }
    ],
    "lastEdited": ""
  },
  {
    "map": "Everwinter Passage",
    "guilds": [
      {
        "name": "retired"
      },
      {
        "name": "the kingdom of guardians"
      },
      {
        "name": "valhalla kingdom"
      }
    ],
    "lastEdited": ""
  },
  {
    "map": "Everwinter Peak",
    "guilds": [
      {
        "name": "ipanic"
      }
    ],
    "lastEdited": ""
  },
  {
    "map": "Everwinter Reach",
    "guilds": [
      {
        "name": "pushcats"
      },
      {
        "name": "valhalla kingdom"
      }
    ],
    "lastEdited": "21-10-2025, 8:58:41 p. m."
  },
  {
    "map": "Everwinter Shores",
    "guilds": [
      {
        "name": "oea"
      },
      {
        "name": "valhalla kingdom"
      }
    ],
    "lastEdited": ""
  },
  {
    "map": "Farshore Cape",
    "guilds": [
      {
        "name": "euphoriia"
      },
      {
        "name": "pay_for_it"
      },
      {
        "name": "absolute boundary"
      },
      {
        "name": "date a live"
      },
      {
        "name": "assassinsgreed"
      }
    ],
    "lastEdited": ""
  },
  {
    "map": "Farshore Drylands",
    "guilds": [
      {
        "name": "rehab"
      },
      {
        "name": "gankers letales"
      },
      {
        "name": "les fr valoir"
      },
      {
        "name": "dead end"
      },
      {
        "name": "idem"
      },
      {
        "name": "corranlabola"
      }
    ],
    "lastEdited": "21-10-2025, 9:02:59 p. m."
  },
  {
    "map": "Farshore Esker",
    "guilds": [
      {
        "name": "capitain timo"
      },
      {
        "name": "orden del caos"
      },
      {
        "name": "sea-sky fraternity"
      },
      {
        "name": "black dragons aeon"
      }
    ],
    "lastEdited": "21-10-2025, 9:03:42 p. m."
  },
  {
    "map": "Farshore Heath",
    "guilds": [
      {
        "name": "asmeninassuperpoderosas"
      },
      {
        "name": "siervos de los antiguos"
      },
      {
        "name": "swordx"
      }
    ],
    "lastEdited": ""
  },
  {
    "map": "Farshore Lagoon",
    "guilds": [
      {
        "name": "brasil combat"
      },
      {
        "name": "euphoriia"
      },
      {
        "name": "pendragonsbr"
      },
      {
        "name": "assassinsgreed"
      }
    ],
    "lastEdited": ""
  },
  {
    "map": "Firesink Caldera",
    "guilds": [
      {
        "name": "clearance"
      },
      {
        "name": "cesta basica"
      },
      {
        "name": "not human"
      },
      {
        "name": "a origem"
      },
      {
        "name": "arroz clan"
      },
      {
        "name": "insane squad"
      }
    ],
    "lastEdited": "21-10-2025, 9:05:12 p. m."
  },
  {
    "map": "Firesink Trench",
    "guilds": [
      {
        "name": "nie tryze"
      },
      {
        "name": "iberian"
      },
      {
        "name": "ascended"
      },
      {
        "name": "gatitos embotellados"
      }
    ],
    "lastEdited": ""
  },
  {
    "map": "Flatrock Cliffs",
    "guilds": [
      {
        "name": "deorum mortis"
      },
      {
        "name": "the bacons"
      },
      {
        "name": "insolent"
      },
      {
        "name": "mute zone"
      },
      {
        "name": "hemp rats cartel"
      },
      {
        "name": "cest la mort"
      },
      {
        "name": "the dungeuon of the black compa"
      }
    ],
    "lastEdited": "22-10-2025, 12:48:41 a. m."
  },
  {
    "map": "Flatrock Plateau",
    "guilds": [
      {
        "name": "fragmento de pangea"
      },
      {
        "name": "eternity fame"
      },
      {
        "name": "jomsvikings"
      },
      {
        "name": "strategus"
      },
      {
        "name": "noxos"
      },
      {
        "name": "black clovers"
      }
    ],
    "lastEdited": ""
  },
  {
    "map": "Floatshoal Floe",
    "guilds": [
      {
        "name": "farm glory"
      },
      {
        "name": "witiess mercenaries tavern"
      },
      {
        "name": "grifinoria"
      },
      {
        "name": "les coeurs draconiques"
      },
      {
        "name": "army bears"
      }
    ],
    "lastEdited": ""
  },
  {
    "map": "Frostspring Passage",
    "guilds": [
      {
        "name": "the ghosts"
      },
      {
        "name": "loniez"
      }
    ],
    "lastEdited": ""
  },
  {
    "map": "Frostspring Volcano",
    "guilds": [
      {
        "name": "the rugrats"
      },
      {
        "name": "infinity"
      },
      {
        "name": "la federacion y"
      }
    ],
    "lastEdited": ""
  },
  {
    "map": "Giantweald Copse",
    "guilds": [
      {
        "name": "never what"
      },
      {
        "name": "burnin"
      }
    ],
    "lastEdited": ""
  },
  {
    "map": "Giantweald Dale",
    "guilds": [
      {
        "name": "mute zone"
      },
      {
        "name": "cynders"
      }
    ],
    "lastEdited": "22-10-2025, 12:55:28 a. m."
  },
  {
    "map": "Giantweald Edge",
    "guilds": [
      {
        "name": "infinite astrolis"
      },
      {
        "name": "tierra media"
      },
      {
        "name": "sectum prime"
      },
      {
        "name": "shroom squad"
      }
    ],
    "lastEdited": "22-10-2025, 12:58:43 a. m."
  },
  {
    "map": "Giantweald Glade",
    "guilds": [
      {
        "name": "the boss world"
      },
      {
        "name": "skyrim"
      }
    ],
    "lastEdited": ""
  },
  {
    "map": "Giantweald Roots",
    "guilds": [
      {
        "name": "fnatic"
      },
      {
        "name": "deorum mortis"
      },
      {
        "name": "spence"
      },
      {
        "name": "primoria"
      }
    ],
    "lastEdited": ""
  },
  {
    "map": "Giantweald Woods",
    "guilds": [
      {
        "name": "last bober dance"
      },
      {
        "name": "eikonic"
      },
      {
        "name": "arcosanti"
      }
    ],
    "lastEdited": "22-10-2025, 1:05:04 a. m."
  },
  {
    "map": "Gravemound Brim",
    "guilds": [
      {
        "name": "team of death"
      },
      {
        "name": "reyes del respawn"
      },
      {
        "name": "shroom squad"
      },
      {
        "name": "onliners"
      },
      {
        "name": "l200"
      },
      {
        "name": "ethernal glory"
      },
      {
        "name": "chaosforce"
      }
    ],
    "lastEdited": "22-10-2025, 1:11:10 a. m."
  },
  {
    "map": "Gravemound Cliffs",
    "guilds": [
      {
        "name": "world of petes"
      },
      {
        "name": "highskull"
      }
    ],
    "lastEdited": "22-10-2025, 1:11:54 a. m."
  },
  {
    "map": "Gravemound Hills",
    "guilds": [
      {
        "name": "gankers letales"
      },
      {
        "name": "aesirs"
      },
      {
        "name": "el reino de la pica"
      },
      {
        "name": "conflic"
      },
      {
        "name": "keepers of te quagmire"
      },
      {
        "name": "exodus"
      },
      {
        "name": "last deas"
      }
    ],
    "lastEdited": ""
  },
  {
    "map": "Gravemound Knoll",
    "guilds": [
      {
        "name": "sea-sky fraternity"
      },
      {
        "name": "true gentleman"
      }
    ],
    "lastEdited": "22-10-2025, 1:13:56 a. m."
  },
  {
    "map": "Gravemound Slope",
    "guilds": [
      {
        "name": "mafia sindical"
      },
      {
        "name": "helheim"
      },
      {
        "name": "eikonic"
      }
    ],
    "lastEdited": "19-10-2025, 7:32:27 p. m."
  },
  {
    "map": "Greenhollow Copse",
    "guilds": [
      {
        "name": "nagasaki"
      },
      {
        "name": "la furia de midgard"
      },
      {
        "name": "it s show time"
      },
      {
        "name": "asmeninassuperpoderosas"
      },
      {
        "name": "el indio solari"
      }
    ],
    "lastEdited": "22-10-2025, 1:15:13 a. m."
  },
  {
    "map": "Greenhollow Vale",
    "guilds": [
      {
        "name": "hunter assasins"
      },
      {
        "name": "los pochoclos"
      },
      {
        "name": "grougaloragran"
      },
      {
        "name": "warlocks legin"
      },
      {
        "name": "paladines de teemo"
      }
    ],
    "lastEdited": "22-10-2025, 1:16:34 a. m."
  },
  {
    "map": "Greenshore Bay",
    "guilds": [
      {
        "name": "explocion de sabor"
      },
      {
        "name": "furia divina"
      },
      {
        "name": "not human"
      },
      {
        "name": "aponia"
      },
      {
        "name": "viral"
      },
      {
        "name": "hiden assassins"
      },
      {
        "name": "the plaga"
      },
      {
        "name": "exiliados"
      },
      {
        "name": "snusnu"
      }
    ],
    "lastEdited": "22-10-2025, 1:18:06 a. m."
  },
  {
    "map": "Greenshore Peninsula",
    "guilds": [
      {
        "name": "furore"
      },
      {
        "name": "black hand"
      },
      {
        "name": "los caballeros del onichan"
      },
      {
        "name": "contingent"
      },
      {
        "name": "los yaguarete"
      },
      {
        "name": "motley crusade"
      }
    ],
    "lastEdited": ""
  },
  {
    "map": "Highstone Grassland",
    "guilds": [
      {
        "name": "rainbow kitten"
      },
      {
        "name": "black lotus"
      },
      {
        "name": "arkadia world"
      },
      {
        "name": "pvp full"
      }
    ],
    "lastEdited": "14-10-2025, 12:52:49 a. m."
  },
  {
    "map": "Highstone Loch",
    "guilds": [
      {
        "name": "midnightd"
      },
      {
        "name": "vatos locos"
      },
      {
        "name": "error 404 not found"
      }
    ],
    "lastEdited": ""
  },
  {
    "map": "Highstone Meadow",
    "guilds": [
      {
        "name": "gankstaz paradise"
      }
    ],
    "lastEdited": ""
  },
  {
    "map": "Highstone Mound",
    "guilds": [
      {
        "name": "jamaica"
      },
      {
        "name": "error 404 not found"
      },
      {
        "name": "revoada"
      },
      {
        "name": "flashback"
      }
    ],
    "lastEdited": ""
  },
  {
    "map": "Highstone Plains",
    "guilds": [
      {
        "name": "moon worshipers"
      },
      {
        "name": "shroom squad"
      },
      {
        "name": "la revelion"
      },
      {
        "name": "wolfsfate"
      },
      {
        "name": "mistery"
      },
      {
        "name": "tributos"
      },
      {
        "name": "templares order"
      }
    ],
    "lastEdited": ""
  },
  {
    "map": "Hightree Borderlands",
    "guilds": [
      {
        "name": "furian"
      },
      {
        "name": "daonenonly"
      },
      {
        "name": "mistery of galaxy"
      }
    ],
    "lastEdited": ""
  },
  {
    "map": "Hightree Cliffs",
    "guilds": [
      {
        "name": "crux del sur"
      },
      {
        "name": "fryda"
      },
      {
        "name": "intergalactic space hobos"
      },
      {
        "name": "arcosanti"
      },
      {
        "name": "exodus xxv"
      }
    ],
    "lastEdited": "22-10-2025, 1:31:07 a. m."
  },
  {
    "map": "Hightree Hillock",
    "guilds": [
      {
        "name": "whitelotus"
      },
      {
        "name": "spetsnaz grail"
      },
      {
        "name": "predador"
      }
    ],
    "lastEdited": "22-10-2025, 1:31:40 a. m."
  },
  {
    "map": "Hightree Isle",
    "guilds": [
      {
        "name": "argentinidad"
      },
      {
        "name": "black lotus"
      },
      {
        "name": "requiem"
      }
    ],
    "lastEdited": "18-10-2025, 4:27:22 p. m."
  },
  {
    "map": "Hightree Levee",
    "guilds": [
      {
        "name": "furia divina"
      },
      {
        "name": "life is game"
      },
      {
        "name": "chronus"
      },
      {
        "name": "valkarion"
      },
      {
        "name": "honoris"
      },
      {
        "name": "flashback"
      },
      {
        "name": "innocent soldiers"
      },
      {
        "name": "road of ruins"
      }
    ],
    "lastEdited": "22-10-2025, 1:35:15 a. m."
  },
  {
    "map": "Hightree Pass",
    "guilds": [
      {
        "name": "assassins of valhalla"
      },
      {
        "name": "winter raven"
      },
      {
        "name": "outset"
      },
      {
        "name": "the underway"
      },
      {
        "name": "souls fire"
      }
    ],
    "lastEdited": "22-10-2025, 1:35:48 a. m."
  },
  {
    "map": "Longfen Arms",
    "guilds": [
      {
        "name": "cassiopea"
      },
      {
        "name": "ulta"
      },
      {
        "name": "tesa"
      },
      {
        "name": "this promise"
      },
      {
        "name": "lusitania"
      },
      {
        "name": "eternal knights of shadows"
      },
      {
        "name": "dpszero"
      },
      {
        "name": "antartida"
      }
    ],
    "lastEdited": "22-10-2025, 1:43:30 a. m."
  },
  {
    "map": "Longfen Marsh",
    "guilds": [
      {
        "name": "life is game"
      },
      {
        "name": "we profit"
      },
      {
        "name": "spookybr"
      }
    ],
    "lastEdited": ""
  },
  {
    "map": "Longfen Veins",
    "guilds": [
      {
        "name": "tierra media"
      },
      {
        "name": "ephemerals"
      },
      {
        "name": "tu mamma"
      },
      {
        "name": "sunofgods"
      }
    ],
    "lastEdited": ""
  },
  {
    "map": "Meltwater Bog",
    "guilds": [
      {
        "name": "oa unirversity"
      },
      {
        "name": "militant"
      },
      {
        "name": "keybump"
      }
    ],
    "lastEdited": ""
  },
  {
    "map": "Meltwater Delta",
    "guilds": [
      {
        "name": "retired"
      },
      {
        "name": "hiyoko gakkou"
      },
      {
        "name": "crux del sur"
      },
      {
        "name": "vanguard killers"
      }
    ],
    "lastEdited": "22-10-2025, 1:53:00 a. m."
  },
  {
    "map": "Meltwater Sump",
    "guilds": [
      {
        "name": "vikingoz"
      },
      {
        "name": "euphoria"
      },
      {
        "name": "et cetera"
      },
      {
        "name": "crux del sur"
      },
      {
        "name": "gatitos embotellados"
      },
      {
        "name": "the kingdom of guardians"
      }
    ],
    "lastEdited": ""
  },
  {
    "map": "Murdergulch Cross",
    "guilds": [
      {
        "name": "revenge"
      },
      {
        "name": "ex tenebris"
      },
      {
        "name": "vk army"
      }
    ],
    "lastEdited": ""
  },
  {
    "map": "Murdergulch Gap",
    "guilds": [
      {
        "name": "rogue natives"
      }
    ],
    "lastEdited": ""
  },
  {
    "map": "Murdergulch Trail",
    "guilds": [
      {
        "name": "argentinidad"
      },
      {
        "name": "demon fangs"
      },
      {
        "name": "memento mori"
      },
      {
        "name": "alea iacta est"
      }
    ],
    "lastEdited": ""
  },
  {
    "map": "Northstrand Beach",
    "guilds": [
      {
        "name": "sololeveling"
      },
      {
        "name": "death punch"
      },
      {
        "name": "grizzly bears"
      }
    ],
    "lastEdited": ""
  },
  {
    "map": "Northstrand Dunes",
    "guilds": [
      {
        "name": "simps de camila"
      },
      {
        "name": "mistwalkers"
      }
    ],
    "lastEdited": ""
  },
  {
    "map": "Parchsand Cliffs",
    "guilds": [
      {
        "name": "diablos"
      },
      {
        "name": "gankers letales"
      },
      {
        "name": "victory or death"
      },
      {
        "name": "morbidly obese"
      }
    ],
    "lastEdited": ""
  },
  {
    "map": "Parchsand Drought",
    "guilds": [
      {
        "name": "contingent"
      }
    ],
    "lastEdited": ""
  },
  {
    "map": "Razorrock Bank",
    "guilds": [
      {
        "name": "violent souls"
      },
      {
        "name": "arlse"
      }
    ],
    "lastEdited": ""
  },
  {
    "map": "Razorrock Passage",
    "guilds": [
      {
        "name": "cuys in the clap"
      },
      {
        "name": "memento mori"
      },
      {
        "name": "alea iacta est"
      }
    ],
    "lastEdited": ""
  },
  {
    "map": "Razorrock Valley",
    "guilds": [
      {
        "name": "made in china"
      },
      {
        "name": "maga"
      },
      {
        "name": "last bench"
      },
      {
        "name": "full tier 3"
      }
    ],
    "lastEdited": "22-10-2025, 1:57:44 a. m."
  },
  {
    "map": "Redtree Enclave",
    "guilds": [
      {
        "name": "daeomon"
      },
      {
        "name": "euphoria"
      },
      {
        "name": "post mortemm"
      },
      {
        "name": "targaryen esports"
      },
      {
        "name": "olympus"
      }
    ],
    "lastEdited": "22-10-2025, 1:58:53 a. m."
  },
  {
    "map": "Rivercopse Crossing",
    "guilds": [
      {
        "name": "imortais"
      },
      {
        "name": "sliced"
      },
      {
        "name": "maga"
      }
    ],
    "lastEdited": "22-10-2025, 1:59:36 a. m."
  },
  {
    "map": "Rivercopse Curve",
    "guilds": [
      {
        "name": "she never love me"
      },
      {
        "name": "el ultimo reino"
      },
      {
        "name": "rogue natives"
      }
    ],
    "lastEdited": ""
  },
  {
    "map": "Rivercopse Fount",
    "guilds": [
      {
        "name": "4pm"
      },
      {
        "name": "pivas"
      },
      {
        "name": "la vaquita saturnita"
      },
      {
        "name": "aponia"
      },
      {
        "name": "arlse"
      },
      {
        "name": "interdits"
      }
    ],
    "lastEdited": ""
  },
  {
    "map": "Rivercopse Path",
    "guilds": [
      {
        "name": "legacy corporation"
      },
      {
        "name": "radiant"
      },
      {
        "name": "morrodourubu"
      },
      {
        "name": "moshi moshi"
      },
      {
        "name": "the jokers"
      },
      {
        "name": "fearless dragons"
      }
    ],
    "lastEdited": "22-10-2025, 2:01:37 a. m."
  },
  {
    "map": "Sandrift Dunes",
    "guilds": [
      {
        "name": "sturmbringers"
      },
      {
        "name": "overlord log horizon"
      },
      {
        "name": "nerium oleander"
      }
    ],
    "lastEdited": "22-10-2025, 2:06:41 a. m."
  },
  {
    "map": "Sandrift Expanse",
    "guilds": [
      {
        "name": "hoplita"
      },
      {
        "name": "shadow garden"
      },
      {
        "name": "retired"
      },
      {
        "name": "i think so"
      }
    ],
    "lastEdited": "22-10-2025, 2:07:20 a. m."
  },
  {
    "map": "Sandrift Fringe",
    "guilds": [
      {
        "name": "abbadon"
      },
      {
        "name": "crux del sur"
      }
    ],
    "lastEdited": ""
  },
  {
    "map": "Sandrift Shore",
    "guilds": [
      {
        "name": "royal ratpack"
      }
    ],
    "lastEdited": ""
  },
  {
    "map": "Sandrift Steppe",
    "guilds": [
      {
        "name": "take ir easy"
      }
    ],
    "lastEdited": ""
  },
  {
    "map": "Scuttlesink Marsh",
    "guilds": [
      {
        "name": "outlimits"
      },
      {
        "name": "muxolots"
      }
    ],
    "lastEdited": ""
  },
  {
    "map": "Scuttlesink Mouth",
    "guilds": [
      {
        "name": "the comunity"
      }
    ],
    "lastEdited": "22-10-2025, 2:08:40 a. m."
  },
  {
    "map": "Scuttlesink Pools",
    "guilds": [
      {
        "name": "inspeccion de billeteras"
      }
    ],
    "lastEdited": ""
  },
  {
    "map": "Shaleheath Hills",
    "guilds": [
      {
        "name": "diablos"
      },
      {
        "name": "death punch"
      }
    ],
    "lastEdited": ""
  },
  {
    "map": "Shaleheath Steep",
    "guilds": [
      {
        "name": "outlimits"
      }
    ],
    "lastEdited": ""
  },
  {
    "map": "Skylake Bridge",
    "guilds": [
      {
        "name": "insolent"
      },
      {
        "name": "milharai"
      },
      {
        "name": "amoral"
      },
      {
        "name": "darkchains"
      },
      {
        "name": "ddarth"
      }
    ],
    "lastEdited": "22-10-2025, 2:10:39 a. m."
  },
  {
    "map": "Skylake Hinterlands",
    "guilds": [
      {
        "name": "desavence"
      },
      {
        "name": "the plaga"
      },
      {
        "name": "neve eterna"
      }
    ],
    "lastEdited": ""
  },
  {
    "map": "Southgrove Copse",
    "guilds": [
      {
        "name": "rulers"
      },
      {
        "name": "maniac bears"
      }
    ],
    "lastEdited": ""
  },
  {
    "map": "Southgrove Escarp",
    "guilds": [
      {
        "name": "executor"
      },
      {
        "name": "date a live"
      },
      {
        "name": "guess what"
      }
    ],
    "lastEdited": ""
  },
  {
    "map": "Springsump Basin",
    "guilds": [
      {
        "name": "killer ducks"
      },
      {
        "name": "green shield"
      },
      {
        "name": "wolf pack albion"
      }
    ],
    "lastEdited": "22-10-2025, 2:13:10 a. m."
  },
  {
    "map": "Springsump Melt",
    "guilds": [
      {
        "name": "legendarios"
      },
      {
        "name": "sunofgods"
      },
      {
        "name": "abbadon"
      }
    ],
    "lastEdited": ""
  },
  {
    "map": "Springsump Wetland",
    "guilds": [
      {
        "name": "the black dragons br"
      },
      {
        "name": "a origem"
      },
      {
        "name": "beleghost"
      },
      {
        "name": "paladins300"
      },
      {
        "name": "shadow garden"
      }
    ],
    "lastEdited": ""
  },
  {
    "map": "Stonelake Fields",
    "guilds": [
      {
        "name": "last dead"
      },
      {
        "name": "no skip"
      },
      {
        "name": "loniez"
      },
      {
        "name": "the jolly rogerz"
      },
      {
        "name": "forja dos novatos"
      }
    ],
    "lastEdited": "22-10-2025, 2:15:33 a. m."
  },
  {
    "map": "Stonelake Hillock",
    "guilds": [
      {
        "name": "girei"
      },
      {
        "name": "golden horde"
      },
      {
        "name": "heretic network"
      },
      {
        "name": "soldados do kong"
      }
    ],
    "lastEdited": "22-10-2025, 2:16:08 a. m."
  },
  {
    "map": "Stonemouth Northbluff",
    "guilds": [
      {
        "name": "brasil army"
      },
      {
        "name": "gorila"
      },
      {
        "name": "caballeros del pasado"
      }
    ],
    "lastEdited": ""
  },
  {
    "map": "Stonemouth Southbluff",
    "guilds": [
      {
        "name": "the looney tunes"
      }
    ],
    "lastEdited": "22-10-2025, 2:16:44 a. m."
  },
  {
    "map": "Sunfang Approach",
    "guilds": [
      {
        "name": "retired"
      }
    ],
    "lastEdited": ""
  },
  {
    "map": "Sunfang Cliffs",
    "guilds": [
      {
        "name": "pivas"
      }
    ],
    "lastEdited": ""
  },
  {
    "map": "Sunfang Dawn",
    "guilds": [
      {
        "name": "pivas"
      },
      {
        "name": "dinoco"
      }
    ],
    "lastEdited": ""
  },
  {
    "map": "Sunfang Ravine",
    "guilds": [
      {
        "name": "neve eterna"
      },
      {
        "name": "assassinsgreed"
      },
      {
        "name": "buster call"
      },
      {
        "name": "die hard gaming"
      }
    ],
    "lastEdited": "22-10-2025, 2:18:14 a. m."
  },
  {
    "map": "Sunfang Wasteland",
    "guilds": [
      {
        "name": "rush b"
      },
      {
        "name": "thispromise"
      },
      {
        "name": "dinoco"
      }
    ],
    "lastEdited": ""
  },
  {
    "map": "Sunstrand Delta",
    "guilds": [
      {
        "name": "evil pig b"
      },
      {
        "name": "mushroomoverdose"
      },
      {
        "name": "berserkers ca"
      },
      {
        "name": "onetap"
      },
      {
        "name": "osos autistas"
      }
    ],
    "lastEdited": "22-10-2025, 2:20:30 a. m."
  },
  {
    "map": "Sunstrand Dunes",
    "guilds": [
      {
        "name": "los choripaneros atr"
      },
      {
        "name": "the baspar"
      },
      {
        "name": "chaosforce"
      },
      {
        "name": "kill or be killed"
      },
      {
        "name": "los ocupas"
      }
    ],
    "lastEdited": "22-10-2025, 2:21:10 a. m."
  },
  {
    "map": "Sunstrand Quicksands",
    "guilds": [
      {
        "name": "requiem"
      },
      {
        "name": "guess what"
      },
      {
        "name": "abbadon"
      }
    ],
    "lastEdited": ""
  },
  {
    "map": "Sunstrand Shoal",
    "guilds": [
      {
        "name": "the lonely skibidi"
      },
      {
        "name": "champ squad"
      },
      {
        "name": "the rugrats"
      },
      {
        "name": "dreamgem"
      },
      {
        "name": "golden horde"
      },
      {
        "name": "vanguard killers"
      }
    ],
    "lastEdited": ""
  },
  {
    "map": "Thirstwater Gully",
    "guilds": [
      {
        "name": "error 404 not found"
      },
      {
        "name": "calcinha de renda"
      },
      {
        "name": "anti sociais"
      }
    ],
    "lastEdited": ""
  },
  {
    "map": "Thirstwater Steppe",
    "guilds": [
      {
        "name": "furia divina"
      },
      {
        "name": "fallen stars"
      },
      {
        "name": "honoris 2"
      },
      {
        "name": "honoris"
      },
      {
        "name": "fallen angels"
      }
    ],
    "lastEdited": "22-10-2025, 2:24:11 a. m."
  },
  {
    "map": "Thirstwater Waste",
    "guilds": [
      {
        "name": "los caballeros del onichan"
      },
      {
        "name": "imperio makus"
      },
      {
        "name": "apeiron"
      },
      {
        "name": "unos"
      },
      {
        "name": "doin you ditry"
      }
    ],
    "lastEdited": ""
  },
  {
    "map": "Thunderrock Draw",
    "guilds": [
      {
        "name": "monos con navaja"
      },
      {
        "name": "interdits"
      },
      {
        "name": "kuros hell"
      },
      {
        "name": "sons off anarchy guild"
      }
    ],
    "lastEdited": ""
  },
  {
    "map": "Thunderrock Rapids",
    "guilds": [
      {
        "name": "c418"
      },
      {
        "name": "noseat"
      },
      {
        "name": "spetsnaz grail"
      },
      {
        "name": "honoris"
      },
      {
        "name": "old money"
      },
      {
        "name": "anti hype rus"
      }
    ],
    "lastEdited": ""
  },
  {
    "map": "Timberscar Copse",
    "guilds": [
      {
        "name": "we trade"
      },
      {
        "name": "absolute cinema"
      },
      {
        "name": "espadachines negros"
      },
      {
        "name": "dark fayer"
      }
    ],
    "lastEdited": ""
  },
  {
    "map": "Timberscar Dell",
    "guilds": [
      {
        "name": "espadachines negros"
      },
      {
        "name": "mas respeto"
      },
      {
        "name": "caida de la corona"
      },
      {
        "name": "new warriors"
      }
    ],
    "lastEdited": "22-10-2025, 2:26:30 a. m."
  },
  {
    "map": "Timberslope Bridge",
    "guilds": [
      {
        "name": "canalha"
      },
      {
        "name": "annihilation"
      },
      {
        "name": "jardim do sol"
      },
      {
        "name": "army bears"
      },
      {
        "name": "latin warriors"
      },
      {
        "name": "deorum mortis"
      },
      {
        "name": "trasure tales"
      }
    ],
    "lastEdited": ""
  },
  {
    "map": "Timberslope Dell",
    "guilds": [
      {
        "name": "darkness inc"
      },
      {
        "name": "vvolfpack"
      },
      {
        "name": "the new order"
      },
      {
        "name": "rats of gold imperium reborn"
      },
      {
        "name": "eikonick"
      },
      {
        "name": "furia nocturna"
      },
      {
        "name": "royal destroyers"
      }
    ],
    "lastEdited": "22-10-2025, 2:29:21 a. m."
  },
  {
    "map": "Timberslope Grove",
    "guilds": [
      {
        "name": "rogue natives academy"
      },
      {
        "name": "exalted"
      },
      {
        "name": "daoism"
      },
      {
        "name": "the elder tree"
      }
    ],
    "lastEdited": ""
  },
  {
    "map": "Timbertop Dale",
    "guilds": [
      {
        "name": "gatitos mimoshos"
      }
    ],
    "lastEdited": "22-10-2025, 2:30:25 a. m."
  },
  {
    "map": "Timbertop Escarp",
    "guilds": [
      {
        "name": "outlimits"
      }
    ],
    "lastEdited": ""
  },
  {
    "map": "Timbertop Wood",
    "guilds": [
      {
        "name": "valhalla kingdom"
      },
      {
        "name": "death punch"
      }
    ],
    "lastEdited": ""
  },
  {
    "map": "Watchwood Bluffs",
    "guilds": [
      {
        "name": "whitelotus"
      },
      {
        "name": "peaky"
      },
      {
        "name": "wanted pks"
      },
      {
        "name": "solo players"
      },
      {
        "name": "los osos de albion"
      },
      {
        "name": "escuadron suicida fama"
      }
    ],
    "lastEdited": "22-10-2025, 2:31:54 a. m."
  },
  {
    "map": "Watchwood Grove",
    "guilds": [
      {
        "name": "mlpwny"
      }
    ],
    "lastEdited": ""
  },
  {
    "map": "Watchwood Lakeside",
    "guilds": [
      {
        "name": "royal dynasty"
      },
      {
        "name": "los caballeros del onichan"
      },
      {
        "name": "graymane"
      },
      {
        "name": "la federacion y"
      }
    ],
    "lastEdited": ""
  },
  {
    "map": "Westweald Shore",
    "guilds": [
      {
        "name": "barclass"
      },
      {
        "name": "mandatory"
      },
      {
        "name": "victory or death"
      },
      {
        "name": "la orden del colmillo negro"
      }
    ],
    "lastEdited": ""
  },
  {
    "map": "Westweald Thicket",
    "guilds": [
      {
        "name": "farmers ac"
      },
      {
        "name": "nexus"
      },
      {
        "name": "pks society"
      },
      {
        "name": "cavaleiros avalonianos"
      },
      {
        "name": "nevada"
      }
    ],
    "lastEdited": ""
  },
  {
    "map": "Whitewall Pass",
    "guilds": [
      {
        "name": "snake skin"
      },
      {
        "name": "smell of fear"
      },
      {
        "name": "imortais"
      },
      {
        "name": "keybums"
      },
      {
        "name": "ifures"
      }
    ],
    "lastEdited": "22-10-2025, 2:36:19 a. m."
  },
  {
    "map": "Whitewall Ridge",
    "guilds": [
      {
        "name": "les albinos"
      },
      {
        "name": "cyan"
      },
      {
        "name": "swordx"
      },
      {
        "name": "fnatic"
      },
      {
        "name": "elixirs"
      },
      {
        "name": "pay for it"
      }
    ],
    "lastEdited": "22-10-2025, 2:37:02 a. m."
  },
  {
    "map": "Windgrass Coast",
    "guilds": [
      {
        "name": "one piece"
      },
      {
        "name": "warriors company"
      },
      {
        "name": "tributos"
      },
      {
        "name": "no profit"
      },
      {
        "name": "elixir of life"
      }
    ],
    "lastEdited": ""
  },
  {
    "map": "Windgrass Fields",
    "guilds": [
      {
        "name": "thespartansquad"
      },
      {
        "name": "la orden del colmillo negro"
      },
      {
        "name": "rivendelhome"
      },
      {
        "name": "union of knight"
      },
      {
        "name": "dont cry"
      },
      {
        "name": "public display of assault"
      }
    ],
    "lastEdited": "22-10-2025, 2:49:27 a. m."
  },
  {
    "map": "Windgrass Precipice",
    "guilds": [
      {
        "name": "mafia sindical"
      }
    ],
    "lastEdited": ""
  },
  {
    "map": "Windgrass Terrace",
    "guilds": [
      {
        "name": "mlpwny"
      },
      {
        "name": "vk army"
      },
      {
        "name": "throwing chair"
      }
    ],
    "lastEdited": ""
  },
  {
    "map": "Flammog Desolation",
    "guilds": [
      {
        "name": "latinwarriors"
      },
      {
        "name": "sliced"
      },
      {
        "name": "jamaica"
      },
      {
        "name": "delincuentes"
      }
    ],
    "lastEdited": "18-10-2025, 8:33:51 p. m."
  },
  {
    "map": "Floatshoal Fissure",
    "guilds": [
      {
        "name": "thehope"
      },
      {
        "name": "ghost kingdom"
      },
      {
        "name": "mortadelo force"
      },
      {
        "name": "verydificul"
      },
      {
        "name": "arland"
      },
      {
        "name": "the jolly rogerz"
      },
      {
        "name": "thehordegm"
      }
    ],
    "lastEdited": "22-10-2025, 12:51:13 a. m."
  },
  {
    "map": "Floatshoal Bight",
    "guilds": [
      {
        "name": "deux aias"
      },
      {
        "name": "linhir"
      },
      {
        "name": "mors"
      }
    ],
    "lastEdited": "22-10-2025, 12:50:10 a. m."
  },
  {
    "map": "Flammog Valley",
    "guilds": [
      {
        "name": "abbadon"
      },
      {
        "name": "battlewise"
      },
      {
        "name": "no way home"
      }
    ],
    "lastEdited": "22-10-2025, 12:46:00 a. m."
  },
  {
    "map": "Flammog Fork",
    "guilds": [
      {
        "name": "dolly"
      },
      {
        "name": "perma bears"
      },
      {
        "name": "wyrmwing"
      }
    ],
    "lastEdited": "22-10-2025, 12:45:06 a. m."
  },
  {
    "map": "Iceburn Cliffs",
    "guilds": [
      {
        "name": "calote clt"
      },
      {
        "name": "cerberus alpha"
      },
      {
        "name": "voracity"
      },
      {
        "name": "dolly"
      },
      {
        "name": "novus imperium"
      }
    ],
    "lastEdited": ""
  },
  {
    "map": "Iceburn Tundra",
    "guilds": [
      {
        "name": "azeroth"
      },
      {
        "name": "cecot"
      },
      {
        "name": "army bears"
      },
      {
        "name": "filo santo"
      },
      {
        "name": "interdits"
      },
      {
        "name": "no lineales"
      },
      {
        "name": "hurts"
      }
    ],
    "lastEdited": "22-10-2025, 1:41:46 a. m."
  },
  {
    "map": "Iceburn Peaks",
    "guilds": [
      {
        "name": "constancy"
      },
      {
        "name": "spence"
      },
      {
        "name": "night guard"
      },
      {
        "name": "sliced"
      }
    ],
    "lastEdited": "22-10-2025, 1:38:24 a. m."
  },
  {
    "map": "Iceburn Firth",
    "guilds": [
      {
        "name": "interdits"
      },
      {
        "name": "tic tac"
      },
      {
        "name": "rampage"
      }
    ],
    "lastEdited": ""
  },
  {
    "map": "Glacierfall Pass",
    "guilds": [
      {
        "name": "neve eterna"
      },
      {
        "name": "guess what"
      },
      {
        "name": "4pm"
      },
      {
        "name": "gin and tonic"
      },
      {
        "name": "you okey"
      }
    ],
    "lastEdited": "22-10-2025, 1:09:08 a. m."
  },
  {
    "map": "Glacierfall Fissure",
    "guilds": [
      {
        "name": "tlm"
      }
    ],
    "lastEdited": ""
  },
  {
    "map": "Glacierfall Cross",
    "guilds": [
      {
        "name": "not human"
      },
      {
        "name": "mas respeto"
      },
      {
        "name": "teleton"
      }
    ],
    "lastEdited": ""
  },
  {
    "map": "Glacierfall Valley",
    "guilds": [
      {
        "name": "bloody warriors"
      },
      {
        "name": "la federacion y"
      },
      {
        "name": "primata mod"
      }
    ],
    "lastEdited": ""
  },
  {
    "map": "Runnelvein Sink",
    "guilds": [
      {
        "name": "burnin"
      },
      {
        "name": "rogue natives"
      },
      {
        "name": "sliced"
      }
    ],
    "lastEdited": "22-10-2025, 2:03:57 a. m."
  },
  {
    "map": "Runnelvein Bog",
    "guilds": [
      {
        "name": "last warning"
      },
      {
        "name": "koalation"
      },
      {
        "name": "crows reborn"
      },
      {
        "name": "azeroth"
      },
      {
        "name": "brilho sombrio"
      },
      {
        "name": "taverna curupira"
      },
      {
        "name": "fax"
      }
    ],
    "lastEdited": "22-10-2025, 2:03:05 a. m."
  },
  {
    "map": "Runnelvein Slough",
    "guilds": [
      {
        "name": "diced"
      }
    ],
    "lastEdited": ""
  },
  {
    "map": "Everwinter Gap",
    "guilds": [
      {
        "name": "aurora luceat"
      },
      {
        "name": "beary tales"
      }
    ],
    "lastEdited": ""
  },
  {
    "map": "Everwinter Plain",
    "guilds": [
      {
        "name": "syndicate"
      },
      {
        "name": "the exiled"
      },
      {
        "name": "eldeia"
      },
      {
        "name": "gatitos embotellados"
      },
      {
        "name": "knigh blood"
      },
      {
        "name": "et cetera"
      }
    ],
    "lastEdited": ""
  },
  {
    "map": "Everwinter Gorge",
    "guilds": [
      {
        "name": "ceifadores de almas"
      },
      {
        "name": "thrown"
      },
      {
        "name": "sliced"
      },
      {
        "name": "phoenix rebels"
      },
      {
        "name": "sombras do caos"
      }
    ],
    "lastEdited": ""
  },
  {
    "map": "Drownfield Sink",
    "guilds": [
      {
        "name": "tlm"
      }
    ],
    "lastEdited": ""
  },
  {
    "map": "Drownfield Quag",
    "guilds": [
      {
        "name": "guess what"
      }
    ],
    "lastEdited": ""
  },
  {
    "map": "Drownfield Wetland",
    "guilds": [
      {
        "name": "honey fingers"
      },
      {
        "name": "arkadia world"
      },
      {
        "name": "last hunt"
      }
    ],
    "lastEdited": "21-10-2025, 8:44:56 p. m."
  },
  {
    "map": "Drownfield Slough",
    "guilds": [
      {
        "name": "winterlat"
      },
      {
        "name": "maquina del mal"
      },
      {
        "name": "daemon"
      },
      {
        "name": "rocoto rage"
      }
    ],
    "lastEdited": ""
  },
  {
    "map": "Drownfield Course",
    "guilds": [
      {
        "name": "grizzly bears"
      },
      {
        "name": "muliphein"
      },
      {
        "name": "maquina del mal"
      },
      {
        "name": "lethal warriors"
      }
    ],
    "lastEdited": "21-10-2025, 8:34:38 p. m."
  },
  {
    "map": "Drownfield Mire",
    "guilds": [
      {
        "name": "espadachines negros"
      },
      {
        "name": "we trade"
      },
      {
        "name": "beso negro"
      },
      {
        "name": "u are my profit"
      },
      {
        "name": "one day"
      },
      {
        "name": "explore the world"
      },
      {
        "name": "overprice"
      }
    ],
    "lastEdited": "21-10-2025, 8:36:47 p. m."
  },
  {
    "map": "Murdergulch Divide",
    "guilds": [
      {
        "name": "rogue natives"
      }
    ],
    "lastEdited": ""
  },
  {
    "map": "Murdergulch Ravine",
    "guilds": [
      {
        "name": "maga"
      },
      {
        "name": "upside"
      }
    ],
    "lastEdited": ""
  },
  {
    "map": "Sandmount Ascent",
    "guilds": [
      {
        "name": "no holding"
      },
      {
        "name": "barclass"
      },
      {
        "name": "mandatory"
      },
      {
        "name": "it s show time"
      }
    ],
    "lastEdited": "22-10-2025, 2:04:55 a. m."
  },
  {
    "map": "Sandmount Desert",
    "guilds": [
      {
        "name": "life is game"
      },
      {
        "name": "elixir of life"
      }
    ],
    "lastEdited": ""
  },
  {
    "map": "Sandmount Strand",
    "guilds": [
      {
        "name": "rivendelhome"
      },
      {
        "name": "uwuknights"
      },
      {
        "name": "die glorreichen sammier"
      },
      {
        "name": "monasterio"
      }
    ],
    "lastEdited": "22-10-2025, 2:06:08 a. m."
  },
  {
    "map": "Sandmount Esker",
    "guilds": [
      {
        "name": "falange del norte"
      },
      {
        "name": "lendarios br"
      },
      {
        "name": "sigtryg"
      }
    ],
    "lastEdited": "17-10-2025, 7:05:37 p. m."
  },
  {
    "map": "Widemoor Fen",
    "guilds": [
      {
        "name": "guardianes de asgard"
      },
      {
        "name": "bencheados"
      },
      {
        "name": "exxis shadow"
      },
      {
        "name": "no holding"
      },
      {
        "name": "crux del sur"
      },
      {
        "name": "harakiri"
      }
    ],
    "lastEdited": "22-10-2025, 2:39:39 a. m."
  },
  {
    "map": "Widemoor Hills",
    "guilds": [
      {
        "name": "les fr valoir"
      },
      {
        "name": "focaris"
      },
      {
        "name": "stonersinc"
      },
      {
        "name": "los caballeros del liro"
      },
      {
        "name": "muliphein"
      },
      {
        "name": "perritos enojados"
      },
      {
        "name": "les hommes de sparte"
      }
    ],
    "lastEdited": ""
  },
  {
    "map": "Widemoor End",
    "guilds": [
      {
        "name": "world of petes"
      },
      {
        "name": "new londo rouins"
      },
      {
        "name": "six poin one"
      },
      {
        "name": "pirate creed"
      },
      {
        "name": "defensores thetforth"
      },
      {
        "name": "no holding"
      },
      {
        "name": "iceworld"
      }
    ],
    "lastEdited": "22-10-2025, 2:38:40 a. m."
  },
  {
    "map": "Widemoor Woods",
    "guilds": [
      {
        "name": "operacao troll"
      },
      {
        "name": "nictofilia"
      },
      {
        "name": "thetforever"
      },
      {
        "name": "knights of empire"
      },
      {
        "name": "barney y sus amigos"
      },
      {
        "name": "ancient realm of the scholar"
      },
      {
        "name": "upside"
      },
      {
        "name": "espadachines negros"
      },
      {
        "name": "thealters"
      }
    ],
    "lastEdited": "22-10-2025, 2:43:03 a. m."
  },
  {
    "map": "Widemoor Flats",
    "guilds": [
      {
        "name": "new repub"
      },
      {
        "name": "legion celestial"
      },
      {
        "name": "la vallee du nord"
      },
      {
        "name": "no holding"
      },
      {
        "name": "the baspar"
      },
      {
        "name": "blam"
      },
      {
        "name": "los tula rika"
      },
      {
        "name": "xxolympoxx"
      }
    ],
    "lastEdited": "22-10-2025, 2:41:02 a. m."
  },
  {
    "map": "Widemoor Shore",
    "guilds": [
      {
        "name": "black smith"
      }
    ],
    "lastEdited": ""
  },
  {
    "map": "Widemoor Pool",
    "guilds": [
      {
        "name": "inspeccion de billeteras"
      }
    ],
    "lastEdited": ""
  },
  {
    "map": "Widemoor Delta",
    "guilds": [
      {
        "name": "a gangue trololo"
      }
    ],
    "lastEdited": ""
  },
  {
    "map": "Willowshade Hills",
    "guilds": [
      {
        "name": "i think so"
      },
      {
        "name": "efe"
      },
      {
        "name": "western legion"
      },
      {
        "name": "alpha rats"
      },
      {
        "name": "tallados"
      }
    ],
    "lastEdited": ""
  },
  {
    "map": "Willowshade Sink",
    "guilds": [
      {
        "name": "antiguos gerreros aztekas"
      },
      {
        "name": "no lineales"
      },
      {
        "name": "aurora luceat"
      },
      {
        "name": "aponia"
      },
      {
        "name": "instic"
      },
      {
        "name": "iberserk"
      },
      {
        "name": "elixir"
      },
      {
        "name": "da black lotus"
      }
    ],
    "lastEdited": "22-10-2025, 2:47:44 a. m."
  },
  {
    "map": "Willowshade Pools",
    "guilds": [
      {
        "name": "xwings"
      },
      {
        "name": "vk army"
      },
      {
        "name": "insane squad"
      },
      {
        "name": "zoldycks"
      }
    ],
    "lastEdited": "22-10-2025, 2:46:49 a. m."
  },
  {
    "map": "Willowshade Wetlands",
    "guilds": [
      {
        "name": "namorar nao da xp"
      },
      {
        "name": "mercenarios de marlock"
      }
    ],
    "lastEdited": ""
  },
  {
    "map": "Willowshade Mire",
    "guilds": [
      {
        "name": "white nigh light"
      },
      {
        "name": "insolent"
      },
      {
        "name": "urquiza dogs"
      },
      {
        "name": "the ghosts"
      }
    ],
    "lastEdited": ""
  },
  {
    "map": "Willowshade Lake",
    "guilds": [
      {
        "name": "die ritter gotz von berliching"
      },
      {
        "name": "lusitania"
      },
      {
        "name": "road scouts"
      },
      {
        "name": "grimorio del nucleo dorado"
      },
      {
        "name": "pvp full"
      },
      {
        "name": "rehab"
      }
    ],
    "lastEdited": "22-10-2025, 2:45:51 a. m."
  },
  {
    "map": "Willowshade Icemarsh",
    "guilds": [
      {
        "name": "irmandade dos renegados"
      },
      {
        "name": "solaryz"
      },
      {
        "name": "primacy"
      },
      {
        "name": "obligatory"
      },
      {
        "name": "lendarios br"
      },
      {
        "name": "corvux"
      }
    ],
    "lastEdited": ""
  },
  {
    "map": "Drytop Riverbed",
    "guilds": [
      {
        "name": "montaraces"
      },
      {
        "name": "oea"
      }
    ],
    "lastEdited": ""
  },
  {
    "map": "Drytop Pillars",
    "guilds": [
      {
        "name": "falange"
      },
      {
        "name": "21stsinn"
      },
      {
        "name": "quinta ordem"
      }
    ],
    "lastEdited": ""
  },
  {
    "map": "Whitepeak Tundra",
    "guilds": [
      {
        "name": "vaticanum"
      },
      {
        "name": "espadachines negros"
      },
      {
        "name": "we trade"
      },
      {
        "name": "pulsar"
      }
    ],
    "lastEdited": ""
  },
  {
    "map": "Whitepeak Spring",
    "guilds": [
      {
        "name": "vk army"
      },
      {
        "name": "la tribu mocoya"
      },
      {
        "name": "sunofgods"
      },
      {
        "name": "death seekers"
      },
      {
        "name": "pretores"
      }
    ],
    "lastEdited": ""
  },
  {
    "map": "Whitepeak Ascent",
    "guilds": [
      {
        "name": "beleghost"
      },
      {
        "name": "la mano d dios"
      },
      {
        "name": "ex tenebris"
      }
    ],
    "lastEdited": ""
  },
  {
    "map": "Frostseep Crevasse",
    "guilds": [
      {
        "name": "hati"
      },
      {
        "name": "instic"
      },
      {
        "name": "oclock"
      },
      {
        "name": "los ocupas"
      },
      {
        "name": "la valle du nord"
      }
    ],
    "lastEdited": "22-10-2025, 12:52:59 a. m."
  },
  {
    "map": "Frostseep Ravine",
    "guilds": [
      {
        "name": "symmetrie"
      },
      {
        "name": "you are dead"
      },
      {
        "name": "eevolution"
      }
    ],
    "lastEdited": "19-10-2025, 7:35:46 p. m."
  },
  {
    "map": "Wetgrave Swale",
    "guilds": [
      {
        "name": "trasure tales"
      },
      {
        "name": "rogue natives"
      },
      {
        "name": "tierra media"
      },
      {
        "name": "mythix"
      },
      {
        "name": "neve eterna"
      },
      {
        "name": "arcosanti"
      },
      {
        "name": "cambada"
      }
    ],
    "lastEdited": ""
  },
  {
    "map": "Wetgrave Marsh",
    "guilds": [
      {
        "name": "los caballeros del onichan"
      },
      {
        "name": "the plaga"
      }
    ],
    "lastEdited": "22-10-2025, 2:33:51 a. m."
  },
  {
    "map": "Wetgrave Bog",
    "guilds": [
      {
        "name": "north star"
      },
      {
        "name": "goobers"
      },
      {
        "name": "deorum mortis"
      },
      {
        "name": "eevolution"
      }
    ],
    "lastEdited": ""
  },
  {
    "map": "Swiftsands Chaparral",
    "guilds": [
      {
        "name": "trasure tales"
      },
      {
        "name": "lotion"
      },
      {
        "name": "lusitania"
      },
      {
        "name": "demons and wizards"
      },
      {
        "name": "eikonic"
      }
    ],
    "lastEdited": ""
  },
  {
    "map": "Swiftsands Basin",
    "guilds": [
      {
        "name": "los caballeros del onichan"
      },
      {
        "name": "quinta ordem"
      },
      {
        "name": "rise of stark"
      },
      {
        "name": "lusitania"
      },
      {
        "name": "scoiatael"
      },
      {
        "name": "the plaga"
      },
      {
        "name": "outlanders"
      }
    ],
    "lastEdited": ""
  },
  {
    "map": "Sunkenbough Spring",
    "guilds": [
      {
        "name": "requiem"
      },
      {
        "name": "imortais"
      },
      {
        "name": "honoris"
      },
      {
        "name": "arcosanti"
      },
      {
        "name": "classy downs"
      },
      {
        "name": "kuros hell"
      },
      {
        "name": "iberian"
      }
    ],
    "lastEdited": "22-10-2025, 2:19:12 a. m."
  },
  {
    "map": "Sunkenbough Woods",
    "guilds": [
      {
        "name": "veneno t8"
      },
      {
        "name": "swordx"
      }
    ],
    "lastEdited": "22-10-2025, 2:19:34 a. m."
  },
  {
    "map": "melwater channel",
    "guilds": [
      {
        "name": "pleas no hit me"
      },
      {
        "name": "spookybr"
      },
      {
        "name": "mighty frogs"
      },
      {
        "name": "rageout"
      },
      {
        "name": "et cetera"
      }
    ],
    "lastEdited": ""
  },
  {
    "map": "whitebank stream",
    "guilds": [
      {
        "name": "trash collectors"
      },
      {
        "name": "trasure tales"
      }
    ],
    "lastEdited": ""
  },
  {
    "map": "whitebank ridge",
    "guilds": [
      {
        "name": "lethal warriors"
      },
      {
        "name": "rise of stark"
      },
      {
        "name": "helheim"
      }
    ],
    "lastEdited": ""
  },
  {
    "map": "whitebank wall",
    "guilds": [
      {
        "name": "perritos enojaditos"
      },
      {
        "name": "la banda del lobo"
      },
      {
        "name": "legion brocoli"
      },
      {
        "name": "devta"
      },
      {
        "name": "oneofusisinvis"
      },
      {
        "name": "da black lotus"
      },
      {
        "name": "knights of the bloood"
      },
      {
        "name": "mythix"
      }
    ],
    "lastEdited": "22-10-2025, 3:05:39 a. m."
  },
  {
    "map": "skysand ridge",
    "guilds": [
      {
        "name": "griffins riders"
      },
      {
        "name": "tlm"
      },
      {
        "name": "racoon city"
      },
      {
        "name": "winterlat"
      },
      {
        "name": "post mortemm"
      }
    ],
    "lastEdited": "18-10-2025, 9:03:58 p. m."
  },
  {
    "map": "skysand plateau",
    "guilds": [
      {
        "name": "black dragon aeon"
      },
      {
        "name": "lathal warriors"
      },
      {
        "name": "delincuentes"
      },
      {
        "name": "post mortemm"
      },
      {
        "name": "proscriptus"
      },
      {
        "name": "et cetera"
      }
    ],
    "lastEdited": "22-10-2025, 2:56:47 a. m."
  },
  {
    "map": "frostbite chsm",
    "guilds": [
      {
        "name": "les sang merce"
      },
      {
        "name": "nexus"
      },
      {
        "name": "hydras"
      }
    ],
    "lastEdited": "22-10-2025, 2:50:38 a. m."
  },
  {
    "map": "frostbite mountain",
    "guilds": [
      {
        "name": "life is game"
      },
      {
        "name": "anti sociais"
      },
      {
        "name": "la oder del colmillo negro"
      },
      {
        "name": "axilium claw"
      }
    ],
    "lastEdited": ""
  },
  {
    "map": "mudfoot mounds",
    "guilds": [
      {
        "name": "mafia sindical"
      },
      {
        "name": "el indio solari"
      },
      {
        "name": "legendarios"
      },
      {
        "name": "guardianes del abismo"
      }
    ],
    "lastEdited": "22-10-2025, 2:54:04 a. m."
  },
  {
    "map": "slakesands canyon",
    "guilds": [
      {
        "name": "notch"
      },
      {
        "name": "riddle"
      },
      {
        "name": "volans"
      },
      {
        "name": "castlevania"
      },
      {
        "name": "gremitius"
      },
      {
        "name": "mevech"
      },
      {
        "name": "slamanders legion"
      }
    ],
    "lastEdited": "22-10-2025, 3:01:30 a. m."
  },
  {
    "map": "slakesands mesa",
    "guilds": [
      {
        "name": "ministry of bandits"
      },
      {
        "name": "tierra media"
      },
      {
        "name": "swordx"
      },
      {
        "name": "nagasaki"
      }
    ],
    "lastEdited": "22-10-2025, 3:02:02 a. m."
  },
  {
    "map": "skullmarsh upper",
    "guilds": [
      {
        "name": "orden del nucleo"
      },
      {
        "name": "no fight no profit"
      },
      {
        "name": "jamaica"
      },
      {
        "name": "monos con navaja"
      }
    ],
    "lastEdited": "22-10-2025, 2:56:09 a. m."
  },
  {
    "map": "skullmarsh lower",
    "guilds": [
      {
        "name": "helheim"
      },
      {
        "name": "twilight knights"
      },
      {
        "name": "sodasopark"
      },
      {
        "name": "zamurai"
      },
      {
        "name": "real no fake"
      },
      {
        "name": "nexxuzz"
      }
    ],
    "lastEdited": ""
  },
  {
    "map": "glacierbreak summit",
    "guilds": [
      {
        "name": "ministry of bandits"
      },
      {
        "name": "novus imperium"
      },
      {
        "name": "homeless home"
      },
      {
        "name": "a origem"
      },
      {
        "name": "tuskateers"
      },
      {
        "name": "impervium online"
      },
      {
        "name": "manifiesto"
      }
    ],
    "lastEdited": ""
  },
  {
    "map": "whitecliff expanse",
    "guilds": [
      {
        "name": "endline"
      },
      {
        "name": "argentinidad"
      },
      {
        "name": "mono con navaja"
      },
      {
        "name": "los narcisistas"
      },
      {
        "name": "dismount and death"
      }
    ],
    "lastEdited": "22-10-2025, 3:06:34 a. m."
  },
  {
    "map": "whitecliff peak",
    "guilds": [
      {
        "name": "herois da treta"
      },
      {
        "name": "the irish mafia"
      },
      {
        "name": "extorted"
      },
      {
        "name": "moonlit grove"
      }
    ],
    "lastEdited": "22-10-2025, 3:07:42 a. m."
  },
  {
    "map": "twinchannel narrows",
    "guilds": [
      {
        "name": "mandatory"
      },
      {
        "name": "blacklist bandits"
      },
      {
        "name": "valhalla kingdom"
      }
    ],
    "lastEdited": ""
  },
  {
    "map": "frostpeak ascent",
    "guilds": [
      {
        "name": "semper fidelis gk"
      },
      {
        "name": "mix geban"
      },
      {
        "name": "reimei no seidan"
      },
      {
        "name": "the destruction company"
      },
      {
        "name": "kingsmans"
      },
      {
        "name": "the guardian lords"
      }
    ],
    "lastEdited": ""
  },
  {
    "map": "highstone plateau",
    "guilds": [
      {
        "name": "it s show time"
      },
      {
        "name": "primergolpe"
      },
      {
        "name": "rex"
      },
      {
        "name": "insolent"
      }
    ],
    "lastEdited": ""
  },
  {
    "map": "razorrock verge",
    "guilds": [
      {
        "name": "evil kool aid"
      },
      {
        "name": "maga"
      }
    ],
    "lastEdited": ""
  },
  {
    "map": "razorrock edge",
    "guilds": [
      {
        "name": "desavence"
      }
    ],
    "lastEdited": ""
  },
  {
    "map": "razorrock gulch",
    "guilds": [
      {
        "name": "pivas"
      },
      {
        "name": "tlm"
      }
    ],
    "lastEdited": ""
  },
  {
    "map": "thunderrock ascent",
    "guilds": [
      {
        "name": "reconnection"
      },
      {
        "name": "pretores"
      },
      {
        "name": "vatos locos"
      }
    ],
    "lastEdited": "22-10-2025, 3:02:28 a. m."
  }
]